filename,split,classe,simbologia,payload,params
images/train/sem_defeito/qr_000.png,train,sem_defeito,qr,CBBRPOIG,{}
images/train/sem_defeito/code39_001.png,train,sem_defeito,code39,6B9M80O,{}
images/train/sem_defeito/code39_002.png,train,sem_defeito,code39,VRJNVGFYG,{}
images/train/sem_defeito/code128_003.png,train,sem_defeito,code128,CBF9SXMECOS,{}
images/train/sem_defeito/datamatrix_004.png,train,sem_defeito,datamatrix,CBKXWNREK8,{}
images/train/sem_defeito/qr_005.png,train,sem_defeito,qr,CBOUDOCUZREN,{}
images/train/sem_defeito/qr_006.png,train,sem_defeito,qr,CBJQIP98Q1Z,{}
images/train/sem_defeito/datamatrix_007.png,train,sem_defeito,datamatrix,CBJK1EYY,{}
images/train/sem_defeito/code128_008.png,train,sem_defeito,code128,CB8RVHS1,{}
images/train/sem_defeito/itf_009.png,train,sem_defeito,itf,814893,{}
images/train/sem_defeito/itf_010.png,train,sem_defeito,itf,957015,{}
images/train/sem_defeito/code128_011.png,train,sem_defeito,code128,CB5E8II4,{}
images/train/sem_defeito/code39_012.png,train,sem_defeito,code39,MTZX272HPO,{}
images/train/sem_defeito/code128_013.png,train,sem_defeito,code128,CBDOECVE,{}
images/train/sem_defeito/qr_014.png,train,sem_defeito,qr,CB4P40MGG1W1,{}
images/train/sem_defeito/qr_015.png,train,sem_defeito,qr,CBDZVGPM,{}
images/train/sem_defeito/code128_016.png,train,sem_defeito,code128,CB9GD8AFPK0,{}
images/train/sem_defeito/ean8_017.png,train,sem_defeito,ean8,4746872,{}
images/train/sem_defeito/code128_018.png,train,sem_defeito,code128,CBDD467KD6,{}
images/train/sem_defeito/code39_019.png,train,sem_defeito,code39,HPCF07UQN,{}
images/train/sem_defeito/ean8_020.png,train,sem_defeito,ean8,5107991,{}
images/train/sem_defeito/code128_021.png,train,sem_defeito,code128,CBXSK28T7,{}
images/train/sem_defeito/code39_022.png,train,sem_defeito,code39,HG9JRSNV,{}
images/train/sem_defeito/datamatrix_023.png,train,sem_defeito,datamatrix,CBF1RCAV,{}
images/train/sem_defeito/itf_024.png,train,sem_defeito,itf,6801128059,{}
images/train/sem_defeito/datamatrix_025.png,train,sem_defeito,datamatrix,CBWNPGW9,{}
images/train/sem_defeito/datamatrix_026.png,train,sem_defeito,datamatrix,CBL0BLV0P,{}
images/train/sem_defeito/datamatrix_027.png,train,sem_defeito,datamatrix,CBOM3WTOOBM,{}
images/train/sem_defeito/ean13_028.png,train,sem_defeito,ean13,868501429401,{}
images/train/sem_defeito/code128_029.png,train,sem_defeito,code128,CBMQC1A78MX,{}
images/train/sem_defeito/qr_030.png,train,sem_defeito,qr,CBT6T0UZ,{}
images/train/sem_defeito/ean8_031.png,train,sem_defeito,ean8,2994680,{}
images/train/sem_defeito/ean13_032.png,train,sem_defeito,ean13,777387214895,{}
images/train/sem_defeito/code39_033.png,train,sem_defeito,code39,CP4E30,{}
images/train/sem_defeito/code39_034.png,train,sem_defeito,code39,G1OL73,{}
images/train/sem_defeito/qr_035.png,train,sem_defeito,qr,CB9U26192K42,{}
images/train/sem_defeito/itf_036.png,train,sem_defeito,itf,34714345,{}
images/train/sem_defeito/qr_037.png,train,sem_defeito,qr,CBE00V830,{}
images/train/sem_defeito/qr_038.png,train,sem_defeito,qr,CBY4AWTY,{}
images/train/sem_defeito/itf_039.png,train,sem_defeito,itf,3734670656,{}
images/train/sem_defeito/itf_040.png,train,sem_defeito,itf,699016,{}
images/train/sem_defeito/ean13_041.png,train,sem_defeito,ean13,564641708053,{}
images/train/sem_defeito/code39_042.png,train,sem_defeito,code39,BJPI4HN,{}
images/train/sem_defeito/qr_043.png,train,sem_defeito,qr,CBKTGBTY,{}
images/train/sem_defeito/qr_044.png,train,sem_defeito,qr,CBGTHCW81,{}
images/train/sem_defeito/ean8_045.png,train,sem_defeito,ean8,1657262,{}
images/train/sem_defeito/itf_046.png,train,sem_defeito,itf,76945314,{}
images/train/sem_defeito/ean8_047.png,train,sem_defeito,ean8,5075273,{}
images/train/sem_defeito/ean13_048.png,train,sem_defeito,ean13,808313678377,{}
images/train/sem_defeito/qr_049.png,train,sem_defeito,qr,CBX497W19VW3,{}
images/train/sem_defeito/itf_050.png,train,sem_defeito,itf,2337498941,{}
images/train/sem_defeito/code39_051.png,train,sem_defeito,code39,CD9SI5GA,{}
images/train/sem_defeito/datamatrix_052.png,train,sem_defeito,datamatrix,CBHEZ5EDJJT,{}
images/train/sem_defeito/itf_053.png,train,sem_defeito,itf,867749,{}
images/train/sem_defeito/qr_054.png,train,sem_defeito,qr,CBNNQFKP,{}
images/train/sem_defeito/ean13_055.png,train,sem_defeito,ean13,034471349361,{}
images/train/sem_defeito/code128_056.png,train,sem_defeito,code128,CBKTS2H3,{}
images/train/sem_defeito/ean8_057.png,train,sem_defeito,ean8,7190659,{}
images/train/sem_defeito/itf_058.png,train,sem_defeito,itf,0490278742,{}
images/train/sem_defeito/ean8_059.png,train,sem_defeito,ean8,5655125,{}
images/train/sem_defeito/code128_060.png,train,sem_defeito,code128,CBFUQUHZ6A8,{}
images/train/sem_defeito/ean8_061.png,train,sem_defeito,ean8,7034824,{}
images/val/sem_defeito/itf_062.png,val,sem_defeito,itf,248086,{}
images/val/sem_defeito/datamatrix_063.png,val,sem_defeito,datamatrix,CB5S6R044,{}
images/val/sem_defeito/itf_064.png,val,sem_defeito,itf,2146584044,{}
images/val/sem_defeito/ean8_065.png,val,sem_defeito,ean8,8755886,{}
images/val/sem_defeito/itf_066.png,val,sem_defeito,itf,36057662,{}
images/val/sem_defeito/datamatrix_067.png,val,sem_defeito,datamatrix,CB2G73AJ,{}
images/val/sem_defeito/ean13_068.png,val,sem_defeito,ean13,961586578091,{}
images/val/sem_defeito/code128_069.png,val,sem_defeito,code128,CB2KTBCU,{}
images/val/sem_defeito/itf_070.png,val,sem_defeito,itf,2221969379,{}
images/val/sem_defeito/datamatrix_071.png,val,sem_defeito,datamatrix,CBS8KE2WT1Q,{}
images/val/sem_defeito/code128_072.png,val,sem_defeito,code128,CBYWSSBZR,{}
images/val/sem_defeito/itf_073.png,val,sem_defeito,itf,7439533942,{}
images/val/sem_defeito/itf_074.png,val,sem_defeito,itf,21456232,{}
images/test/sem_defeito/ean13_075.png,test,sem_defeito,ean13,247451712368,{}
images/test/sem_defeito/ean8_076.png,test,sem_defeito,ean8,5496513,{}
images/test/sem_defeito/qr_077.png,test,sem_defeito,qr,CB3T0HIC,{}
images/test/sem_defeito/code39_078.png,test,sem_defeito,code39,3X80J0G50,{}
images/test/sem_defeito/code39_079.png,test,sem_defeito,code39,GX8WDZRM,{}
images/test/sem_defeito/qr_080.png,test,sem_defeito,qr,CBBDVPINE9NN,{}
images/test/sem_defeito/itf_081.png,test,sem_defeito,itf,422842,{}
images/test/sem_defeito/itf_082.png,test,sem_defeito,itf,02402681,{}
images/test/sem_defeito/code128_083.png,test,sem_defeito,code128,CB6OC7T3BD4,{}
images/test/sem_defeito/ean8_084.png,test,sem_defeito,ean8,1159212,{}
images/test/sem_defeito/itf_085.png,test,sem_defeito,itf,78961183,{}
images/test/sem_defeito/ean8_086.png,test,sem_defeito,ean8,6156545,{}
images/test/sem_defeito/ean8_087.png,test,sem_defeito,ean8,1528098,{}
images/test/sem_defeito/datamatrix_088.png,test,sem_defeito,datamatrix,CBDSTWG6NJ4,{}
images/test/sem_defeito/itf_089.png,test,sem_defeito,itf,689980,{}
images/train/cabeca_queimada/datamatrix_000.png,train,cabeca_queimada,datamatrix,CBVWALJZEJ,"{""n_linhas"": 1, ""xs"": [66]}"
images/train/cabeca_queimada/ean13_001.png,train,cabeca_queimada,ean13,991022901476,"{""n_linhas"": 4, ""xs"": [240, 299, 444, 472]}"
images/train/cabeca_queimada/ean13_002.png,train,cabeca_queimada,ean13,036900343244,"{""n_linhas"": 3, ""xs"": [27, 142, 529]}"
images/train/cabeca_queimada/qr_003.png,train,cabeca_queimada,qr,CBEZC1B3EU,"{""n_linhas"": 4, ""xs"": [78, 168, 227, 233]}"
images/train/cabeca_queimada/code128_004.png,train,cabeca_queimada,code128,CBGP1Z7FZTV,"{""n_linhas"": 2, ""xs"": [192, 361]}"
images/train/cabeca_queimada/ean13_005.png,train,cabeca_queimada,ean13,231243292127,"{""n_linhas"": 4, ""xs"": [174, 343, 350, 479]}"
images/train/cabeca_queimada/ean8_006.png,train,cabeca_queimada,ean8,7005411,"{""n_linhas"": 4, ""xs"": [62, 212, 480, 493]}"
images/train/cabeca_queimada/ean13_007.png,train,cabeca_queimada,ean13,182037788925,"{""n_linhas"": 3, ""xs"": [309, 416, 438]}"
images/train/cabeca_queimada/ean8_008.png,train,cabeca_queimada,ean8,4492519,"{""n_linhas"": 2, ""xs"": [337, 378]}"
images/train/cabeca_queimada/qr_009.png,train,cabeca_queimada,qr,CBI7F16XBX,"{""n_linhas"": 3, ""xs"": [112, 129, 194]}"
images/train/cabeca_queimada/itf_010.png,train,cabeca_queimada,itf,8059296222,"{""n_linhas"": 2, ""xs"": [64, 468]}"
images/train/cabeca_queimada/ean8_011.png,train,cabeca_queimada,ean8,3834735,"{""n_linhas"": 4, ""xs"": [308, 411, 492, 534]}"
images/train/cabeca_queimada/datamatrix_012.png,train,cabeca_queimada,datamatrix,CB9G7HSFKR,"{""n_linhas"": 4, ""xs"": [66, 95, 133, 243]}"
images/train/cabeca_queimada/ean13_013.png,train,cabeca_queimada,ean13,305152204727,"{""n_linhas"": 4, ""xs"": [25, 39, 101, 282]}"
images/train/cabeca_queimada/code39_014.png,train,cabeca_queimada,code39,3EH58B6PJ,"{""n_linhas"": 3, ""xs"": [21, 381, 459]}"
images/train/cabeca_queimada/itf_015.png,train,cabeca_queimada,itf,8806706540,"{""n_linhas"": 3, ""xs"": [89, 266, 373]}"
images/train/cabeca_queimada/ean13_016.png,train,cabeca_queimada,ean13,277221704303,"{""n_linhas"": 1, ""xs"": [343]}"
images/train/cabeca_queimada/code39_017.png,train,cabeca_queimada,code39,WDVRHX1Z,"{""n_linhas"": 4, ""xs"": [211, 367, 415, 528]}"
images/train/cabeca_queimada/code39_018.png,train,cabeca_queimada,code39,SUGFUST21K,"{""n_linhas"": 4, ""xs"": [63, 379, 381, 477]}"
images/train/cabeca_queimada/ean13_019.png,train,cabeca_queimada,ean13,820297021355,"{""n_linhas"": 4, ""xs"": [53, 177, 399, 480]}"
images/train/cabeca_queimada/code128_020.png,train,cabeca_queimada,code128,CB57Y9HQQ,"{""n_linhas"": 4, ""xs"": [224, 239, 312, 522]}"
images/train/cabeca_queimada/datamatrix_021.png,train,cabeca_queimada,datamatrix,CBWE98STKL,"{""n_linhas"": 3, ""xs"": [82, 122, 134]}"
images/train/cabeca_queimada/itf_022.png,train,cabeca_queimada,itf,911467,"{""n_linhas"": 4, ""xs"": [95, 148, 344, 439]}"
images/train/cabeca_queimada/qr_023.png,train,cabeca_queimada,qr,CBLI16DH7JTK,"{""n_linhas"": 2, ""xs"": [135, 185]}"
images/train/cabeca_queimada/itf_024.png,train,cabeca_queimada,itf,24981829,"{""n_linhas"": 2, ""xs"": [195, 365]}"
images/train/cabeca_queimada/itf_025.png,train,cabeca_queimada,itf,39690784,"{""n_linhas"": 3, ""xs"": [270, 435, 514]}"
images/train/cabeca_queimada/code39_026.png,train,cabeca_queimada,code39,UWZIX69G,"{""n_linhas"": 3, ""xs"": [145, 267, 497]}"
images/train/cabeca_queimada/ean8_027.png,train,cabeca_queimada,ean8,3259532,"{""n_linhas"": 4, ""xs"": [335, 498, 529, 530]}"
images/train/cabeca_queimada/itf_028.png,train,cabeca_queimada,itf,7480162456,"{""n_linhas"": 3, ""xs"": [66, 72, 430]}"
images/train/cabeca_queimada/datamatrix_029.png,train,cabeca_queimada,datamatrix,CBHIGZXV9XJM,"{""n_linhas"": 4, ""xs"": [39, 40, 43, 276]}"
images/train/cabeca_queimada/ean13_030.png,train,cabeca_queimada,ean13,269495888794,"{""n_linhas"": 4, ""xs"": [37, 132, 359, 397]}"
images/train/cabeca_queimada/datamatrix_031.png,train,cabeca_queimada,datamatrix,CBOD4K7YJPCH,"{""n_linhas"": 2, ""xs"": [29, 245]}"
images/train/cabeca_queimada/ean8_032.png,train,cabeca_queimada,ean8,0283857,"{""n_linhas"": 4, ""xs"": [197, 341, 370, 490]}"
images/train/cabeca_queimada/ean13_033.png,train,cabeca_queimada,ean13,843443757584,"{""n_linhas"": 3, ""xs"": [144, 408, 424]}"
images/train/cabeca_queimada/qr_034.png,train,cabeca_queimada,qr,CB4NM8R9RI,"{""n_linhas"": 1, ""xs"": [142]}"
images/train/cabeca_queimada/ean13_035.png,train,cabeca_queimada,ean13,712082677345,"{""n_linhas"": 3, ""xs"": [80, 111, 257]}"
images/train/cabeca_queimada/code128_036.png,train,cabeca_queimada,code128,CB5LSCATGVS,"{""n_linhas"": 4, ""xs"": [157, 499, 525, 536]}"
images/train/cabeca_queimada/datamatrix_037.png,train,cabeca_queimada,datamatrix,CBMLZ16UFZ,"{""n_linhas"": 1, ""xs"": [114]}"
images/train/cabeca_queimada/ean13_038.png,train,cabeca_queimada,ean13,549904530174,"{""n_linhas"": 2, ""xs"": [435, 534]}"
images/train/cabeca_queimada/code39_039.png,train,cabeca_queimada,code39,J3X0948NP,"{""n_linhas"": 1, ""xs"": [477]}"
images/train/cabeca_queimada/itf_040.png,train,cabeca_queimada,itf,982258,"{""n_linhas"": 4, ""xs"": [113, 139, 230, 520]}"
images/train/cabeca_queimada/qr_041.png,train,cabeca_queimada,qr,CBBZQANEC1,"{""n_linhas"": 3, ""xs"": [50, 52, 55]}"
images/train/cabeca_queimada/qr_042.png,train,cabeca_queimada,qr,CBXY2YYF8IW,"{""n_linhas"": 1, ""xs"": [111]}"
images/train/cabeca_queimada/datamatrix_043.png,train,cabeca_queimada,datamatrix,CBT3818Y,"{""n_linhas"": 2, ""xs"": [146, 255]}"
images/train/cabeca_queimada/ean8_044.png,train,cabeca_queimada,ean8,9033119,"{""n_linhas"": 1, ""xs"": [477]}"
images/train/cabeca_queimada/itf_045.png,train,cabeca_queimada,itf,028439,"{""n_linhas"": 3, ""xs"": [262, 329, 348]}"
images/train/cabeca_queimada/qr_046.png,train,cabeca_queimada,qr,CB195DWY7,"{""n_linhas"": 3, ""xs"": [96, 229, 233]}"
images/train/cabeca_queimada/datamatrix_047.png,train,cabeca_queimada,datamatrix,CBD90097IYP,"{""n_linhas"": 3, ""xs"": [60, 124, 189]}"
images/train/cabeca_queimada/code128_048.png,train,cabeca_queimada,code128,CBM9N4NV,"{""n_linhas"": 3, ""xs"": [35, 214, 236]}"
images/train/cabeca_queimada/code39_049.png,train,cabeca_queimada,code39,P9USY38WT,"{""n_linhas"": 3, ""xs"": [388, 497, 529]}"
images/train/cabeca_queimada/datamatrix_050.png,train,cabeca_queimada,datamatrix,CBJBQ90SJ,"{""n_linhas"": 2, ""xs"": [137, 188]}"
images/train/cabeca_queimada/ean13_051.png,train,cabeca_queimada,ean13,777252287280,"{""n_linhas"": 1, ""xs"": [96]}"
images/train/cabeca_queimada/code128_052.png,train,cabeca_queimada,code128,CBAN63XD4,"{""n_linhas"": 4, ""xs"": [26, 32, 36, 441]}"
images/train/cabeca_queimada/ean8_053.png,train,cabeca_queimada,ean8,2118233,"{""n_linhas"": 3, ""xs"": [293, 382, 426]}"
images/train/cabeca_queimada/code128_054.png,train,cabeca_queimada,code128,CBFZYY94,"{""n_linhas"": 1, ""xs"": [29]}"
images/train/cabeca_queimada/itf_055.png,train,cabeca_queimada,itf,803397,"{""n_linhas"": 3, ""xs"": [67, 96, 307]}"
images/train/cabeca_queimada/itf_056.png,train,cabeca_queimada,itf,614293,"{""n_linhas"": 4, ""xs"": [100, 163, 359, 413]}"
images/train/cabeca_queimada/itf_057.png,train,cabeca_queimada,itf,6504773586,"{""n_linhas"": 4, ""xs"": [107, 210, 322, 409]}"
images/train/cabeca_queimada/ean13_058.png,train,cabeca_queimada,ean13,110475412126,"{""n_linhas"": 4, ""xs"": [46, 111, 125, 437]}"
images/train/cabeca_queimada/code128_059.png,train,cabeca_queimada,code128,CBP7KYKIRTR5,"{""n_linhas"": 2, ""xs"": [84, 191]}"
images/train/cabeca_queimada/qr_060.png,train,cabeca_queimada,qr,CBM3GITAZVY,"{""n_linhas"": 3, ""xs"": [191, 240, 245]}"
images/train/cabeca_queimada/ean8_061.png,train,cabeca_queimada,ean8,5479356,"{""n_linhas"": 3, ""xs"": [136, 393, 422]}"
images/val/cabeca_queimada/qr_062.png,val,cabeca_queimada,qr,CB2SE05IT,"{""n_linhas"": 2, ""xs"": [98, 149]}"
images/val/cabeca_queimada/itf_063.png,val,cabeca_queimada,itf,6805891135,"{""n_linhas"": 2, ""xs"": [65, 429]}"
images/val/cabeca_queimada/itf_064.png,val,cabeca_queimada,itf,9375679825,"{""n_linhas"": 1, ""xs"": [514]}"
images/val/cabeca_queimada/qr_065.png,val,cabeca_queimada,qr,CBWTV3N74,"{""n_linhas"": 3, ""xs"": [69, 244, 263]}"
images/val/cabeca_queimada/qr_066.png,val,cabeca_queimada,qr,CBKP7L9K,"{""n_linhas"": 3, ""xs"": [138, 238, 256]}"
images/val/cabeca_queimada/code39_067.png,val,cabeca_queimada,code39,1YANNREG8,"{""n_linhas"": 2, ""xs"": [353, 394]}"
images/val/cabeca_queimada/ean13_068.png,val,cabeca_queimada,ean13,969691557924,"{""n_linhas"": 1, ""xs"": [157]}"
images/val/cabeca_queimada/itf_069.png,val,cabeca_queimada,itf,69296627,"{""n_linhas"": 2, ""xs"": [190, 521]}"
images/val/cabeca_queimada/code128_070.png,val,cabeca_queimada,code128,CBIMY965050,"{""n_linhas"": 4, ""xs"": [51, 104, 191, 520]}"
images/val/cabeca_queimada/datamatrix_071.png,val,cabeca_queimada,datamatrix,CB96HHR8X8C,"{""n_linhas"": 4, ""xs"": [72, 131, 146, 237]}"
images/val/cabeca_queimada/datamatrix_072.png,val,cabeca_queimada,datamatrix,CBNW1KINN,"{""n_linhas"": 1, ""xs"": [199]}"
images/val/cabeca_queimada/ean13_073.png,val,cabeca_queimada,ean13,948126042232,"{""n_linhas"": 3, ""xs"": [273, 422, 521]}"
images/val/cabeca_queimada/datamatrix_074.png,val,cabeca_queimada,datamatrix,CBZ6RX35,"{""n_linhas"": 3, ""xs"": [21, 67, 254]}"
images/test/cabeca_queimada/code39_075.png,test,cabeca_queimada,code39,RUSV9I5VD,"{""n_linhas"": 1, ""xs"": [121]}"
images/test/cabeca_queimada/ean8_076.png,test,cabeca_queimada,ean8,7063242,"{""n_linhas"": 3, ""xs"": [115, 276, 389]}"
images/test/cabeca_queimada/code39_077.png,test,cabeca_queimada,code39,FGAN4EIO7,"{""n_linhas"": 4, ""xs"": [28, 29, 143, 371]}"
images/test/cabeca_queimada/ean13_078.png,test,cabeca_queimada,ean13,262218909275,"{""n_linhas"": 2, ""xs"": [175, 441]}"
images/test/cabeca_queimada/qr_079.png,test,cabeca_queimada,qr,CBW1UIPRFP9,"{""n_linhas"": 3, ""xs"": [33, 125, 174]}"
images/test/cabeca_queimada/datamatrix_080.png,test,cabeca_queimada,datamatrix,CB5YHP5E7,"{""n_linhas"": 1, ""xs"": [204]}"
images/test/cabeca_queimada/datamatrix_081.png,test,cabeca_queimada,datamatrix,CBEBEAQNCDZ,"{""n_linhas"": 3, ""xs"": [232, 236, 276]}"
images/test/cabeca_queimada/code39_082.png,test,cabeca_queimada,code39,8UZET1P,"{""n_linhas"": 1, ""xs"": [270]}"
images/test/cabeca_queimada/qr_083.png,test,cabeca_queimada,qr,CBHAIAK5W,"{""n_linhas"": 3, ""xs"": [84, 105, 210]}"
images/test/cabeca_queimada/ean13_084.png,test,cabeca_queimada,ean13,814917785079,"{""n_linhas"": 2, ""xs"": [181, 396]}"
images/test/cabeca_queimada/code128_085.png,test,cabeca_queimada,code128,CBAPC4XY,"{""n_linhas"": 2, ""xs"": [56, 203]}"
images/test/cabeca_queimada/ean13_086.png,test,cabeca_queimada,ean13,195180238061,"{""n_linhas"": 4, ""xs"": [108, 309, 338, 355]}"
images/test/cabeca_queimada/ean8_087.png,test,cabeca_queimada,ean8,5973832,"{""n_linhas"": 1, ""xs"": [439]}"
images/test/cabeca_queimada/ean13_088.png,test,cabeca_queimada,ean13,064138367024,"{""n_linhas"": 1, ""xs"": [64]}"
images/test/cabeca_queimada/code128_089.png,test,cabeca_queimada,code128,CBG6IZED1IPS,"{""n_linhas"": 3, ""xs"": [342, 354, 422]}"
images/train/ribbon_enrugado/code128_000.png,train,ribbon_enrugado,code128,CBGK23U0H,"{""n_faixas"": 8, ""slope"": 0.13}"
images/train/ribbon_enrugado/ean13_001.png,train,ribbon_enrugado,ean13,213568044206,"{""n_faixas"": 7, ""slope"": 0.158}"
images/train/ribbon_enrugado/ean13_002.png,train,ribbon_enrugado,ean13,199410137215,"{""n_faixas"": 4, ""slope"": 0.086}"
images/train/ribbon_enrugado/ean13_003.png,train,ribbon_enrugado,ean13,720999347687,"{""n_faixas"": 4, ""slope"": 0.092}"
images/train/ribbon_enrugado/ean8_004.png,train,ribbon_enrugado,ean8,5985642,"{""n_faixas"": 4, ""slope"": 0.125}"
images/train/ribbon_enrugado/ean13_005.png,train,ribbon_enrugado,ean13,803965223955,"{""n_faixas"": 8, ""slope"": 0.084}"
images/train/ribbon_enrugado/itf_006.png,train,ribbon_enrugado,itf,252500,"{""n_faixas"": 5, ""slope"": 0.162}"
images/train/ribbon_enrugado/qr_007.png,train,ribbon_enrugado,qr,CB5UL9WOLYT,"{""n_faixas"": 6, ""slope"": 0.098}"
images/train/ribbon_enrugado/ean8_008.png,train,ribbon_enrugado,ean8,2513552,"{""n_faixas"": 4, ""slope"": 0.195}"
images/train/ribbon_enrugado/qr_009.png,train,ribbon_enrugado,qr,CBDY20K0,"{""n_faixas"": 7, ""slope"": 0.203}"
images/train/ribbon_enrugado/code128_010.png,train,ribbon_enrugado,code128,CBKYKE9FV4,"{""n_faixas"": 4, ""slope"": 0.14}"
images/train/ribbon_enrugado/qr_011.png,train,ribbon_enrugado,qr,CBQSTPGDZ95J,"{""n_faixas"": 4, ""slope"": 0.131}"
images/train/ribbon_enrugado/ean13_012.png,train,ribbon_enrugado,ean13,677418625652,"{""n_faixas"": 7, ""slope"": 0.086}"
images/train/ribbon_enrugado/code39_013.png,train,ribbon_enrugado,code39,DY7084P4TF,"{""n_faixas"": 7, ""slope"": 0.206}"
images/train/ribbon_enrugado/ean8_014.png,train,ribbon_enrugado,ean8,3294511,"{""n_faixas"": 7, ""slope"": 0.158}"
images/train/ribbon_enrugado/code128_015.png,train,ribbon_enrugado,code128,CBGS8W0QY54C,"{""n_faixas"": 5, ""slope"": 0.119}"
images/train/ribbon_enrugado/datamatrix_016.png,train,ribbon_enrugado,datamatrix,CBTR5GOIT2,"{""n_faixas"": 6, ""slope"": 0.118}"
images/train/ribbon_enrugado/code39_017.png,train,ribbon_enrugado,code39,T6ZI7B,"{""n_faixas"": 5, ""slope"": 0.107}"
images/train/ribbon_enrugado/itf_018.png,train,ribbon_enrugado,itf,10357972,"{""n_faixas"": 7, ""slope"": 0.162}"
images/train/ribbon_enrugado/qr_019.png,train,ribbon_enrugado,qr,CBNR06BA4,"{""n_faixas"": 5, ""slope"": 0.171}"
images/train/ribbon_enrugado/qr_020.png,train,ribbon_enrugado,qr,CBZGA6X9STG4,"{""n_faixas"": 4, ""slope"": 0.127}"
images/train/ribbon_enrugado/datamatrix_021.png,train,ribbon_enrugado,datamatrix,CBZUIB5SQ0ZY,"{""n_faixas"": 4, ""slope"": 0.162}"
images/train/ribbon_enrugado/code39_022.png,train,ribbon_enrugado,code39,LSG4IQ9LVF,"{""n_faixas"": 5, ""slope"": 0.13}"
images/train/ribbon_enrugado/itf_023.png,train,ribbon_enrugado,itf,1738168460,"{""n_faixas"": 5, ""slope"": 0.099}"
images/train/ribbon_enrugado/code128_024.png,train,ribbon_enrugado,code128,CBRNKK5FI11,"{""n_faixas"": 7, ""slope"": 0.14}"
images/train/ribbon_enrugado/ean13_025.png,train,ribbon_enrugado,ean13,216894210447,"{""n_faixas"": 8, ""slope"": 0.163}"
images/train/ribbon_enrugado/itf_026.png,train,ribbon_enrugado,itf,2150648909,"{""n_faixas"": 4, ""slope"": 0.173}"
images/train/ribbon_enrugado/code39_027.png,train,ribbon_enrugado,code39,T0G7RI,"{""n_faixas"": 7, ""slope"": 0.196}"
images/train/ribbon_enrugado/code39_028.png,train,ribbon_enrugado,code39,95N4VP,"{""n_faixas"": 4, ""slope"": 0.082}"
images/train/ribbon_enrugado/qr_029.png,train,ribbon_enrugado,qr,CB3SQ3DGL,"{""n_faixas"": 4, ""slope"": 0.199}"
images/train/ribbon_enrugado/ean13_030.png,train,ribbon_enrugado,ean13,579415521667,"{""n_faixas"": 6, ""slope"": 0.197}"
images/train/ribbon_enrugado/ean8_031.png,train,ribbon_enrugado,ean8,9729659,"{""n_faixas"": 4, ""slope"": 0.201}"
images/train/ribbon_enrugado/code128_032.png,train,ribbon_enrugado,code128,CBOV77G1P4WY,"{""n_faixas"": 5, ""slope"": 0.197}"
images/train/ribbon_enrugado/ean13_033.png,train,ribbon_enrugado,ean13,083866317797,"{""n_faixas"": 4, ""slope"": 0.2}"
images/train/ribbon_enrugado/datamatrix_034.png,train,ribbon_enrugado,datamatrix,CBT69N3VXDO3,"{""n_faixas"": 6, ""slope"": 0.158}"
images/train/ribbon_enrugado/itf_035.png,train,ribbon_enrugado,itf,5102726149,"{""n_faixas"": 5, ""slope"": 0.106}"
images/train/ribbon_enrugado/itf_036.png,train,ribbon_enrugado,itf,779827,"{""n_faixas"": 4, ""slope"": 0.154}"
images/train/ribbon_enrugado/ean13_037.png,train,ribbon_enrugado,ean13,866934654722,"{""n_faixas"": 7, ""slope"": 0.164}"
images/train/ribbon_enrugado/code39_038.png,train,ribbon_enrugado,code39,8UHW9408S1,"{""n_faixas"": 4, ""slope"": 0.153}"
images/train/ribbon_enrugado/code39_039.png,train,ribbon_enrugado,code39,SN8CW2,"{""n_faixas"": 4, ""slope"": 0.166}"
images/train/ribbon_enrugado/qr_040.png,train,ribbon_enrugado,qr,CB9DAQM2OX,"{""n_faixas"": 8, ""slope"": 0.157}"
images/train/ribbon_enrugado/datamatrix_041.png,train,ribbon_enrugado,datamatrix,CBAV3JCJUD,"{""n_faixas"": 8, ""slope"": 0.198}"
images/train/ribbon_enrugado/ean8_042.png,train,ribbon_enrugado,ean8,1533555,"{""n_faixas"": 6, ""slope"": 0.111}"
images/train/ribbon_enrugado/qr_043.png,train,ribbon_enrugado,qr,CBYHYQ8SB7,"{""n_faixas"": 6, ""slope"": 0.152}"
images/train/ribbon_enrugado/itf_044.png,train,ribbon_enrugado,itf,133613,"{""n_faixas"": 8, ""slope"": 0.196}"
images/train/ribbon_enrugado/ean13_045.png,train,ribbon_enrugado,ean13,667665061809,"{""n_faixas"": 4, ""slope"": 0.186}"
images/train/ribbon_enrugado/ean8_046.png,train,ribbon_enrugado,ean8,6072832,"{""n_faixas"": 7, ""slope"": 0.192}"
images/train/ribbon_enrugado/code128_047.png,train,ribbon_enrugado,code128,CBNWN06JKL,"{""n_faixas"": 5, ""slope"": 0.166}"
images/train/ribbon_enrugado/ean8_048.png,train,ribbon_enrugado,ean8,5523149,"{""n_faixas"": 4, ""slope"": 0.206}"
images/train/ribbon_enrugado/code39_049.png,train,ribbon_enrugado,code39,1RXIV43,"{""n_faixas"": 7, ""slope"": 0.13}"
images/train/ribbon_enrugado/datamatrix_050.png,train,ribbon_enrugado,datamatrix,CBBZNC9Q884J,"{""n_faixas"": 6, ""slope"": 0.135}"
images/train/ribbon_enrugado/datamatrix_051.png,train,ribbon_enrugado,datamatrix,CBK6I2KLJ4WC,"{""n_faixas"": 5, ""slope"": 0.187}"
images/train/ribbon_enrugado/code128_052.png,train,ribbon_enrugado,code128,CBUG7RQ8,"{""n_faixas"": 8, ""slope"": 0.104}"
images/train/ribbon_enrugado/code39_053.png,train,ribbon_enrugado,code39,KOE6RNJLK,"{""n_faixas"": 6, ""slope"": 0.164}"
images/train/ribbon_enrugado/code39_054.png,train,ribbon_enrugado,code39,KI6CJDKQL7,"{""n_faixas"": 7, ""slope"": 0.164}"
images/train/ribbon_enrugado/datamatrix_055.png,train,ribbon_enrugado,datamatrix,CB6QKV3EO,"{""n_faixas"": 7, ""slope"": 0.134}"
images/train/ribbon_enrugado/itf_056.png,train,ribbon_enrugado,itf,172980,"{""n_faixas"": 7, ""slope"": 0.153}"
images/train/ribbon_enrugado/code128_057.png,train,ribbon_enrugado,code128,CB80QMAA7H,"{""n_faixas"": 8, ""slope"": 0.081}"
images/train/ribbon_enrugado/datamatrix_058.png,train,ribbon_enrugado,datamatrix,CB0994LX9,"{""n_faixas"": 8, ""slope"": 0.148}"
images/train/ribbon_enrugado/itf_059.png,train,ribbon_enrugado,itf,0260127961,"{""n_faixas"": 4, ""slope"": 0.117}"
images/train/ribbon_enrugado/qr_060.png,train,ribbon_enrugado,qr,CB2AM7SMC67,"{""n_faixas"": 5, ""slope"": 0.166}"
images/train/ribbon_enrugado/itf_061.png,train,ribbon_enrugado,itf,118489,"{""n_faixas"": 6, ""slope"": 0.129}"
images/val/ribbon_enrugado/ean13_062.png,val,ribbon_enrugado,ean13,184894769735,"{""n_faixas"": 7, ""slope"": 0.175}"
images/val/ribbon_enrugado/itf_063.png,val,ribbon_enrugado,itf,0434165182,"{""n_faixas"": 7, ""slope"": 0.124}"
images/val/ribbon_enrugado/code39_064.png,val,ribbon_enrugado,code39,HF5A8C,"{""n_faixas"": 7, ""slope"": 0.132}"
images/val/ribbon_enrugado/itf_065.png,val,ribbon_enrugado,itf,62718750,"{""n_faixas"": 4, ""slope"": 0.174}"
images/val/ribbon_enrugado/ean13_066.png,val,ribbon_enrugado,ean13,527636556472,"{""n_faixas"": 8, ""slope"": 0.098}"
images/val/ribbon_enrugado/code39_067.png,val,ribbon_enrugado,code39,8U5TQ9DZGK,"{""n_faixas"": 4, ""slope"": 0.11}"
images/val/ribbon_enrugado/code128_068.png,val,ribbon_enrugado,code128,CBM8LSWU65,"{""n_faixas"": 7, ""slope"": 0.205}"
images/val/ribbon_enrugado/ean13_069.png,val,ribbon_enrugado,ean13,496475987622,"{""n_faixas"": 4, ""slope"": 0.098}"
images/val/ribbon_enrugado/datamatrix_070.png,val,ribbon_enrugado,datamatrix,CB7FGQJFYTO,"{""n_faixas"": 5, ""slope"": 0.183}"
images/val/ribbon_enrugado/ean8_071.png,val,ribbon_enrugado,ean8,8487282,"{""n_faixas"": 8, ""slope"": 0.164}"
images/val/ribbon_enrugado/datamatrix_072.png,val,ribbon_enrugado,datamatrix,CBWS48A54,"{""n_faixas"": 6, ""slope"": 0.081}"
images/val/ribbon_enrugado/ean8_073.png,val,ribbon_enrugado,ean8,6341638,"{""n_faixas"": 8, ""slope"": 0.193}"
images/val/ribbon_enrugado/ean8_074.png,val,ribbon_enrugado,ean8,3502080,"{""n_faixas"": 5, ""slope"": 0.216}"
images/test/ribbon_enrugado/ean13_075.png,test,ribbon_enrugado,ean13,705120461872,"{""n_faixas"": 5, ""slope"": 0.205}"
images/test/ribbon_enrugado/datamatrix_076.png,test,ribbon_enrugado,datamatrix,CB7N4YTU,"{""n_faixas"": 5, ""slope"": 0.168}"
images/test/ribbon_enrugado/code39_077.png,test,ribbon_enrugado,code39,P1UAKR,"{""n_faixas"": 8, ""slope"": 0.097}"
images/test/ribbon_enrugado/datamatrix_078.png,test,ribbon_enrugado,datamatrix,CBDWJ8GI,"{""n_faixas"": 7, ""slope"": 0.113}"
images/test/ribbon_enrugado/itf_079.png,test,ribbon_enrugado,itf,7392855749,"{""n_faixas"": 8, ""slope"": 0.102}"
images/test/ribbon_enrugado/ean13_080.png,test,ribbon_enrugado,ean13,186387829456,"{""n_faixas"": 6, ""slope"": 0.095}"
images/test/ribbon_enrugado/ean8_081.png,test,ribbon_enrugado,ean8,7899405,"{""n_faixas"": 5, ""slope"": 0.165}"
images/test/ribbon_enrugado/datamatrix_082.png,test,ribbon_enrugado,datamatrix,CBR7CETE,"{""n_faixas"": 5, ""slope"": 0.214}"
images/test/ribbon_enrugado/ean8_083.png,test,ribbon_enrugado,ean8,1957612,"{""n_faixas"": 5, ""slope"": 0.157}"
images/test/ribbon_enrugado/ean13_084.png,test,ribbon_enrugado,ean13,939836845776,"{""n_faixas"": 4, ""slope"": 0.182}"
images/test/ribbon_enrugado/qr_085.png,test,ribbon_enrugado,qr,CB969JGC3W,"{""n_faixas"": 5, ""slope"": 0.099}"
images/test/ribbon_enrugado/qr_086.png,test,ribbon_enrugado,qr,CB4L5GTCYF,"{""n_faixas"": 4, ""slope"": 0.209}"
images/test/ribbon_enrugado/qr_087.png,test,ribbon_enrugado,qr,CBDT7CU8JU6,"{""n_faixas"": 5, ""slope"": 0.101}"
images/test/ribbon_enrugado/itf_088.png,test,ribbon_enrugado,itf,0864168622,"{""n_faixas"": 7, ""slope"": 0.158}"
images/test/ribbon_enrugado/code39_089.png,test,ribbon_enrugado,code39,WBTKW2J2,"{""n_faixas"": 4, ""slope"": 0.209}"
images/train/ponto_queimado/ean13_000.png,train,ponto_queimado,ean13,051477053833,"{""n_manchas"": 9}"
images/train/ponto_queimado/code128_001.png,train,ponto_queimado,code128,CBM639BCP,"{""n_manchas"": 9}"
images/train/ponto_queimado/code39_002.png,train,ponto_queimado,code39,PJ1TV28IN,"{""n_manchas"": 7}"
images/train/ponto_queimado/qr_003.png,train,ponto_queimado,qr,CBJMGILBRO,"{""n_manchas"": 8}"
images/train/ponto_queimado/ean8_004.png,train,ponto_queimado,ean8,9757366,"{""n_manchas"": 5}"
images/train/ponto_queimado/ean13_005.png,train,ponto_queimado,ean13,472649082771,"{""n_manchas"": 6}"
images/train/ponto_queimado/ean8_006.png,train,ponto_queimado,ean8,8926860,"{""n_manchas"": 7}"
images/train/ponto_queimado/ean8_007.png,train,ponto_queimado,ean8,3397767,"{""n_manchas"": 6}"
images/train/ponto_queimado/qr_008.png,train,ponto_queimado,qr,CB9L3XCFTUXY,"{""n_manchas"": 6}"
images/train/ponto_queimado/datamatrix_009.png,train,ponto_queimado,datamatrix,CB1UQ7WI57,"{""n_manchas"": 12}"
images/train/ponto_queimado/ean13_010.png,train,ponto_queimado,ean13,770272785760,"{""n_manchas"": 9}"
images/train/ponto_queimado/code39_011.png,train,ponto_queimado,code39,XCMF26,"{""n_manchas"": 5}"
images/train/ponto_queimado/code128_012.png,train,ponto_queimado,code128,CBFV3CG7TBTN,"{""n_manchas"": 10}"
images/train/ponto_queimado/code128_013.png,train,ponto_queimado,code128,CBDF1ZL2WTV,"{""n_manchas"": 8}"
images/train/ponto_queimado/datamatrix_014.png,train,ponto_queimado,datamatrix,CBI6GZGU9E,"{""n_manchas"": 9}"
images/train/ponto_queimado/datamatrix_015.png,train,ponto_queimado,datamatrix,CBLTZEGYU5D,"{""n_manchas"": 6}"
images/train/ponto_queimado/ean8_016.png,train,ponto_queimado,ean8,5190986,"{""n_manchas"": 7}"
images/train/ponto_queimado/datamatrix_017.png,train,ponto_queimado,datamatrix,CB0JSIIAEB,"{""n_manchas"": 7}"
images/train/ponto_queimado/ean8_018.png,train,ponto_queimado,ean8,8950097,"{""n_manchas"": 10}"
images/train/ponto_queimado/ean13_019.png,train,ponto_queimado,ean13,079290490471,"{""n_manchas"": 7}"
images/train/ponto_queimado/ean13_020.png,train,ponto_queimado,ean13,129276637239,"{""n_manchas"": 10}"
images/train/ponto_queimado/itf_021.png,train,ponto_queimado,itf,4544149673,"{""n_manchas"": 8}"
images/train/ponto_queimado/qr_022.png,train,ponto_queimado,qr,CBFIYLHL,"{""n_manchas"": 9}"
images/train/ponto_queimado/ean8_023.png,train,ponto_queimado,ean8,4101194,"{""n_manchas"": 12}"
images/train/ponto_queimado/ean13_024.png,train,ponto_queimado,ean13,328063461571,"{""n_manchas"": 12}"
images/train/ponto_queimado/ean13_025.png,train,ponto_queimado,ean13,179291117993,"{""n_manchas"": 6}"
images/train/ponto_queimado/itf_026.png,train,ponto_queimado,itf,219620,"{""n_manchas"": 12}"
images/train/ponto_queimado/qr_027.png,train,ponto_queimado,qr,CBRDMHJ45,"{""n_manchas"": 7}"
images/train/ponto_queimado/qr_028.png,train,ponto_queimado,qr,CBOHUOGP0M,"{""n_manchas"": 11}"
images/train/ponto_queimado/itf_029.png,train,ponto_queimado,itf,983168,"{""n_manchas"": 12}"
images/train/ponto_queimado/ean13_030.png,train,ponto_queimado,ean13,279907726257,"{""n_manchas"": 5}"
images/train/ponto_queimado/qr_031.png,train,ponto_queimado,qr,CBDHYX3CXX,"{""n_manchas"": 7}"
images/train/ponto_queimado/code128_032.png,train,ponto_queimado,code128,CB88S2XEM3F,"{""n_manchas"": 6}"
images/train/ponto_queimado/qr_033.png,train,ponto_queimado,qr,CBSMEBO7,"{""n_manchas"": 10}"
images/train/ponto_queimado/datamatrix_034.png,train,ponto_queimado,datamatrix,CBKPHCUI2,"{""n_manchas"": 9}"
images/train/ponto_queimado/datamatrix_035.png,train,ponto_queimado,datamatrix,CBJ2VH4CI9HT,"{""n_manchas"": 5}"
images/train/ponto_queimado/itf_036.png,train,ponto_queimado,itf,37599805,"{""n_manchas"": 11}"
images/train/ponto_queimado/ean8_037.png,train,ponto_queimado,ean8,2879232,"{""n_manchas"": 11}"
images/train/ponto_queimado/itf_038.png,train,ponto_queimado,itf,257252,"{""n_manchas"": 5}"
images/train/ponto_queimado/qr_039.png,train,ponto_queimado,qr,CBRXG8WJAI,"{""n_manchas"": 9}"
images/train/ponto_queimado/itf_040.png,train,ponto_queimado,itf,24013223,"{""n_manchas"": 9}"
images/train/ponto_queimado/datamatrix_041.png,train,ponto_queimado,datamatrix,CBWWK6P6EG,"{""n_manchas"": 5}"
images/train/ponto_queimado/ean8_042.png,train,ponto_queimado,ean8,6383615,"{""n_manchas"": 6}"
images/train/ponto_queimado/datamatrix_043.png,train,ponto_queimado,datamatrix,CBME4XLA5GZ,"{""n_manchas"": 12}"
images/train/ponto_queimado/code128_044.png,train,ponto_queimado,code128,CB5BLYUJ,"{""n_manchas"": 9}"
images/train/ponto_queimado/code39_045.png,train,ponto_queimado,code39,1ITY5H598,"{""n_manchas"": 12}"
images/train/ponto_queimado/itf_046.png,train,ponto_queimado,itf,07698640,"{""n_manchas"": 12}"
images/train/ponto_queimado/qr_047.png,train,ponto_queimado,qr,CB6T18UM0Z,"{""n_manchas"": 9}"
images/train/ponto_queimado/code128_048.png,train,ponto_queimado,code128,CB0RSKQPZ,"{""n_manchas"": 8}"
images/train/ponto_queimado/datamatrix_049.png,train,ponto_queimado,datamatrix,CB0XFZIP,"{""n_manchas"": 6}"
images/train/ponto_queimado/ean13_050.png,train,ponto_queimado,ean13,764907851586,"{""n_manchas"": 12}"
images/train/ponto_queimado/ean13_051.png,train,ponto_queimado,ean13,177656124815,"{""n_manchas"": 11}"
images/train/ponto_queimado/itf_052.png,train,ponto_queimado,itf,008931,"{""n_manchas"": 12}"
images/train/ponto_queimado/ean13_053.png,train,ponto_queimado,ean13,397359710725,"{""n_manchas"": 11}"
images/train/ponto_queimado/code39_054.png,train,ponto_queimado,code39,RX1SQQ7U1,"{""n_manchas"": 7}"
images/train/ponto_queimado/datamatrix_055.png,train,ponto_queimado,datamatrix,CBHWFNSLK,"{""n_manchas"": 9}"
images/train/ponto_queimado/itf_056.png,train,ponto_queimado,itf,0509759230,"{""n_manchas"": 9}"
images/train/ponto_queimado/ean8_057.png,train,ponto_queimado,ean8,4996165,"{""n_manchas"": 7}"
images/train/ponto_queimado/itf_058.png,train,ponto_queimado,itf,810818,"{""n_manchas"": 11}"
images/train/ponto_queimado/qr_059.png,train,ponto_queimado,qr,CB3Z5TXZTFI,"{""n_manchas"": 7}"
images/train/ponto_queimado/code128_060.png,train,ponto_queimado,code128,CBPMSZDVAG1,"{""n_manchas"": 11}"
images/train/ponto_queimado/datamatrix_061.png,train,ponto_queimado,datamatrix,CBISY0X4KNS,"{""n_manchas"": 6}"
images/val/ponto_queimado/itf_062.png,val,ponto_queimado,itf,156193,"{""n_manchas"": 6}"
images/val/ponto_queimado/code39_063.png,val,ponto_queimado,code39,265GJXVI,"{""n_manchas"": 6}"
images/val/ponto_queimado/datamatrix_064.png,val,ponto_queimado,datamatrix,CB0037XB2JA,"{""n_manchas"": 6}"
images/val/ponto_queimado/datamatrix_065.png,val,ponto_queimado,datamatrix,CB7JZ2N82W,"{""n_manchas"": 11}"
images/val/ponto_queimado/ean8_066.png,val,ponto_queimado,ean8,4907539,"{""n_manchas"": 8}"
images/val/ponto_queimado/itf_067.png,val,ponto_queimado,itf,49767762,"{""n_manchas"": 7}"
images/val/ponto_queimado/code128_068.png,val,ponto_queimado,code128,CBJ0DTSNL,"{""n_manchas"": 12}"
images/val/ponto_queimado/datamatrix_069.png,val,ponto_queimado,datamatrix,CB9H9FM8D7,"{""n_manchas"": 8}"
images/val/ponto_queimado/code128_070.png,val,ponto_queimado,code128,CBKSJLQFJT0K,"{""n_manchas"": 5}"
images/val/ponto_queimado/ean8_071.png,val,ponto_queimado,ean8,1405786,"{""n_manchas"": 6}"
images/val/ponto_queimado/itf_072.png,val,ponto_queimado,itf,87007942,"{""n_manchas"": 5}"
images/val/ponto_queimado/ean13_073.png,val,ponto_queimado,ean13,639855474355,"{""n_manchas"": 8}"
images/val/ponto_queimado/datamatrix_074.png,val,ponto_queimado,datamatrix,CBH3XM2A,"{""n_manchas"": 8}"
images/test/ponto_queimado/qr_075.png,test,ponto_queimado,qr,CBLEIEIQO7RM,"{""n_manchas"": 5}"
images/test/ponto_queimado/qr_076.png,test,ponto_queimado,qr,CBDR082UA,"{""n_manchas"": 11}"
images/test/ponto_queimado/ean8_077.png,test,ponto_queimado,ean8,9110065,"{""n_manchas"": 6}"
images/test/ponto_queimado/itf_078.png,test,ponto_queimado,itf,1507859311,"{""n_manchas"": 5}"
images/test/ponto_queimado/ean13_079.png,test,ponto_queimado,ean13,498227495450,"{""n_manchas"": 7}"
images/test/ponto_queimado/ean8_080.png,test,ponto_queimado,ean8,3033793,"{""n_manchas"": 8}"
images/test/ponto_queimado/code39_081.png,test,ponto_queimado,code39,BLQGBIY,"{""n_manchas"": 6}"
images/test/ponto_queimado/code39_082.png,test,ponto_queimado,code39,M8SJUP,"{""n_manchas"": 5}"
images/test/ponto_queimado/qr_083.png,test,ponto_queimado,qr,CB4RZCNOM2P,"{""n_manchas"": 11}"
images/test/ponto_queimado/ean13_084.png,test,ponto_queimado,ean13,148881431115,"{""n_manchas"": 5}"
images/test/ponto_queimado/qr_085.png,test,ponto_queimado,qr,CB46JZOO,"{""n_manchas"": 8}"
images/test/ponto_queimado/ean13_086.png,test,ponto_queimado,ean13,536668459090,"{""n_manchas"": 7}"
images/test/ponto_queimado/code128_087.png,test,ponto_queimado,code128,CBSNOS7E3DX,"{""n_manchas"": 5}"
images/test/ponto_queimado/qr_088.png,test,ponto_queimado,qr,CBKTM63RMAJ,"{""n_manchas"": 12}"
images/test/ponto_queimado/code128_089.png,test,ponto_queimado,code128,CB509HXEG,"{""n_manchas"": 10}"
images/train/impressao_clara/code39_000.png,train,impressao_clara,code39,BGLSH8Z,"{""fator"": 0.38}"
images/train/impressao_clara/qr_001.png,train,impressao_clara,qr,CBN2D7GYT2DA,"{""fator"": 0.36}"
images/train/impressao_clara/code128_002.png,train,impressao_clara,code128,CBVMEOGK,"{""fator"": 0.49}"
images/train/impressao_clara/itf_003.png,train,impressao_clara,itf,866133,"{""fator"": 0.37}"
images/train/impressao_clara/qr_004.png,train,impressao_clara,qr,CBXCEN0T5G,"{""fator"": 0.49}"
images/train/impressao_clara/qr_005.png,train,impressao_clara,qr,CBIVLU4EVB2,"{""fator"": 0.43}"
images/train/impressao_clara/code128_006.png,train,impressao_clara,code128,CBP1PFDIX5,"{""fator"": 0.41}"
images/train/impressao_clara/ean8_007.png,train,impressao_clara,ean8,5245086,"{""fator"": 0.48}"
images/train/impressao_clara/qr_008.png,train,impressao_clara,qr,CBOY7UL2A,"{""fator"": 0.36}"
images/train/impressao_clara/code39_009.png,train,impressao_clara,code39,L9NP6F,"{""fator"": 0.44}"
images/train/impressao_clara/ean13_010.png,train,impressao_clara,ean13,497347156627,"{""fator"": 0.44}"
images/train/impressao_clara/code128_011.png,train,impressao_clara,code128,CB1FT8J9LQY,"{""fator"": 0.44}"
images/train/impressao_clara/code39_012.png,train,impressao_clara,code39,AA6X5Z0,"{""fator"": 0.54}"
images/train/impressao_clara/ean8_013.png,train,impressao_clara,ean8,0169236,"{""fator"": 0.54}"
images/train/impressao_clara/ean13_014.png,train,impressao_clara,ean13,066337050249,"{""fator"": 0.44}"
images/train/impressao_clara/code128_015.png,train,impressao_clara,code128,CBFYZF7M,"{""fator"": 0.53}"
images/train/impressao_clara/ean8_016.png,train,impressao_clara,ean8,9461195,"{""fator"": 0.51}"
images/train/impressao_clara/ean8_017.png,train,impressao_clara,ean8,0116864,"{""fator"": 0.5}"
images/train/impressao_clara/ean8_018.png,train,impressao_clara,ean8,9323023,"{""fator"": 0.4}"
images/train/impressao_clara/code39_019.png,train,impressao_clara,code39,SFYHRE,"{""fator"": 0.42}"
images/train/impressao_clara/code128_020.png,train,impressao_clara,code128,CBCGN7AY7R54,"{""fator"": 0.5}"
images/train/impressao_clara/ean13_021.png,train,impressao_clara,ean13,669055107620,"{""fator"": 0.47}"
images/train/impressao_clara/qr_022.png,train,impressao_clara,qr,CB60MAUBXCU,"{""fator"": 0.49}"
images/train/impressao_clara/ean8_023.png,train,impressao_clara,ean8,1649328,"{""fator"": 0.53}"
images/train/impressao_clara/itf_024.png,train,impressao_clara,itf,27178333,"{""fator"": 0.38}"
images/train/impressao_clara/ean13_025.png,train,impressao_clara,ean13,643471287153,"{""fator"": 0.54}"
images/train/impressao_clara/qr_026.png,train,impressao_clara,qr,CB91OOQHSFH,"{""fator"": 0.37}"
images/train/impressao_clara/ean8_027.png,train,impressao_clara,ean8,9040983,"{""fator"": 0.52}"
images/train/impressao_clara/itf_028.png,train,impressao_clara,itf,9931608752,"{""fator"": 0.51}"
images/train/impressao_clara/datamatrix_029.png,train,impressao_clara,datamatrix,CBUT6HR4,"{""fator"": 0.48}"
images/train/impressao_clara/code39_030.png,train,impressao_clara,code39,ODL5ZTK,"{""fator"": 0.55}"
images/train/impressao_clara/ean8_031.png,train,impressao_clara,ean8,1844386,"{""fator"": 0.37}"
images/train/impressao_clara/ean13_032.png,train,impressao_clara,ean13,729277423330,"{""fator"": 0.42}"
images/train/impressao_clara/qr_033.png,train,impressao_clara,qr,CBDGW4LDH,"{""fator"": 0.55}"
images/train/impressao_clara/code39_034.png,train,impressao_clara,code39,5TLYF3YR2,"{""fator"": 0.42}"
images/train/impressao_clara/code128_035.png,train,impressao_clara,code128,CB4RGLY41TIG,"{""fator"": 0.42}"
images/train/impressao_clara/ean8_036.png,train,impressao_clara,ean8,8887189,"{""fator"": 0.46}"
images/train/impressao_clara/code128_037.png,train,impressao_clara,code128,CBLA92UHC,"{""fator"": 0.38}"
images/train/impressao_clara/itf_038.png,train,impressao_clara,itf,58260340,"{""fator"": 0.54}"
images/train/impressao_clara/qr_039.png,train,impressao_clara,qr,CB7W86NGCP,"{""fator"": 0.36}"
images/train/impressao_clara/itf_040.png,train,impressao_clara,itf,42961844,"{""fator"": 0.43}"
images/train/impressao_clara/itf_041.png,train,impressao_clara,itf,143598,"{""fator"": 0.47}"
images/train/impressao_clara/code128_042.png,train,impressao_clara,code128,CBH8H90EVF,"{""fator"": 0.42}"
images/train/impressao_clara/code39_043.png,train,impressao_clara,code39,GHL7T5G7W,"{""fator"": 0.49}"
images/train/impressao_clara/ean8_044.png,train,impressao_clara,ean8,2588967,"{""fator"": 0.47}"
images/train/impressao_clara/ean13_045.png,train,impressao_clara,ean13,053967275784,"{""fator"": 0.41}"
images/train/impressao_clara/ean13_046.png,train,impressao_clara,ean13,651113129014,"{""fator"": 0.46}"
images/train/impressao_clara/qr_047.png,train,impressao_clara,qr,CB4568HZA,"{""fator"": 0.47}"
images/train/impressao_clara/code39_048.png,train,impressao_clara,code39,C2K7OLEXI6,"{""fator"": 0.42}"
images/train/impressao_clara/datamatrix_049.png,train,impressao_clara,datamatrix,CBHST4SQNAZN,"{""fator"": 0.53}"
images/train/impressao_clara/itf_050.png,train,impressao_clara,itf,05097545,"{""fator"": 0.37}"
images/train/impressao_clara/itf_051.png,train,impressao_clara,itf,2617024376,"{""fator"": 0.42}"
images/train/impressao_clara/qr_052.png,train,impressao_clara,qr,CBKIW1AWMHM,"{""fator"": 0.41}"
images/train/impressao_clara/ean8_053.png,train,impressao_clara,ean8,4167872,"{""fator"": 0.41}"
images/train/impressao_clara/ean8_054.png,train,impressao_clara,ean8,2110225,"{""fator"": 0.45}"
images/train/impressao_clara/qr_055.png,train,impressao_clara,qr,CB14SS5F,"{""fator"": 0.5}"
images/train/impressao_clara/datamatrix_056.png,train,impressao_clara,datamatrix,CBP1M4G6LM,"{""fator"": 0.55}"
images/train/impressao_clara/code39_057.png,train,impressao_clara,code39,BMFDY07TO,"{""fator"": 0.39}"
images/train/impressao_clara/ean13_058.png,train,impressao_clara,ean13,635020005347,"{""fator"": 0.41}"
images/train/impressao_clara/qr_059.png,train,impressao_clara,qr,CB9IVXX7,"{""fator"": 0.47}"
images/train/impressao_clara/itf_060.png,train,impressao_clara,itf,093371,"{""fator"": 0.36}"
images/train/impressao_clara/code128_061.png,train,impressao_clara,code128,CBM09Q9WX,"{""fator"": 0.44}"
images/val/impressao_clara/itf_062.png,val,impressao_clara,itf,294240,"{""fator"": 0.54}"
images/val/impressao_clara/itf_063.png,val,impressao_clara,itf,278686,"{""fator"": 0.43}"
images/val/impressao_clara/datamatrix_064.png,val,impressao_clara,datamatrix,CB367QTOSR9H,"{""fator"": 0.38}"
images/val/impressao_clara/code39_065.png,val,impressao_clara,code39,DPN8HAWX,"{""fator"": 0.41}"
images/val/impressao_clara/ean13_066.png,val,impressao_clara,ean13,500534240891,"{""fator"": 0.49}"
images/val/impressao_clara/code39_067.png,val,impressao_clara,code39,OURNZJ2O1,"{""fator"": 0.42}"
images/val/impressao_clara/code39_068.png,val,impressao_clara,code39,5LSBTKLZME,"{""fator"": 0.38}"
images/val/impressao_clara/code39_069.png,val,impressao_clara,code39,GYYBHA,"{""fator"": 0.5}"
images/val/impressao_clara/code128_070.png,val,impressao_clara,code128,CBG8VFMI,"{""fator"": 0.45}"
images/val/impressao_clara/qr_071.png,val,impressao_clara,qr,CB8HBCG8SG,"{""fator"": 0.45}"
images/val/impressao_clara/qr_072.png,val,impressao_clara,qr,CBOYH5KHOG,"{""fator"": 0.54}"
images/val/impressao_clara/code128_073.png,val,impressao_clara,code128,CBJL17VL,"{""fator"": 0.49}"
images/val/impressao_clara/ean8_074.png,val,impressao_clara,ean8,5410225,"{""fator"": 0.38}"
images/test/impressao_clara/qr_075.png,test,impressao_clara,qr,CBJFUILYWU,"{""fator"": 0.45}"
images/test/impressao_clara/code39_076.png,test,impressao_clara,code39,09588588O,"{""fator"": 0.43}"
images/test/impressao_clara/qr_077.png,test,impressao_clara,qr,CBPXANBX,"{""fator"": 0.46}"
images/test/impressao_clara/datamatrix_078.png,test,impressao_clara,datamatrix,CBS3J90PN,"{""fator"": 0.52}"
images/test/impressao_clara/ean8_079.png,test,impressao_clara,ean8,5019179,"{""fator"": 0.52}"
images/test/impressao_clara/datamatrix_080.png,test,impressao_clara,datamatrix,CBJL4I7T40V,"{""fator"": 0.44}"
images/test/impressao_clara/itf_081.png,test,impressao_clara,itf,820667,"{""fator"": 0.46}"
images/test/impressao_clara/code128_082.png,test,impressao_clara,code128,CBYINZDOZL9E,"{""fator"": 0.51}"
images/test/impressao_clara/qr_083.png,test,impressao_clara,qr,CBMRGGEXVBP,"{""fator"": 0.41}"
images/test/impressao_clara/qr_084.png,test,impressao_clara,qr,CBPRFC4C,"{""fator"": 0.36}"
images/test/impressao_clara/itf_085.png,test,impressao_clara,itf,565215,"{""fator"": 0.43}"
images/test/impressao_clara/ean8_086.png,test,impressao_clara,ean8,7904227,"{""fator"": 0.37}"
images/test/impressao_clara/code39_087.png,test,impressao_clara,code39,677V2IV,"{""fator"": 0.41}"
images/test/impressao_clara/code39_088.png,test,impressao_clara,code39,EJ5GAJT,"{""fator"": 0.46}"
images/test/impressao_clara/code39_089.png,test,impressao_clara,code39,RXWFEL,"{""fator"": 0.49}"
images/train/pressao_desigual/code128_000.png,train,pressao_desigual,code128,CB5CXSZ0I2X6,"{""blur"": 2.04}"
images/train/pressao_desigual/qr_001.png,train,pressao_desigual,qr,CBDP9AJG,"{""blur"": 1.49}"
images/train/pressao_desigual/qr_002.png,train,pressao_desigual,qr,CB3GFLGZ1MZV,"{""blur"": 1.26}"
images/train/pressao_desigual/ean8_003.png,train,pressao_desigual,ean8,2359096,"{""blur"": 1.26}"
images/train/pressao_desigual/ean8_004.png,train,pressao_desigual,ean8,4421214,"{""blur"": 1.61}"
images/train/pressao_desigual/code128_005.png,train,pressao_desigual,code128,CBVTKMW0448,"{""blur"": 1.89}"
images/train/pressao_desigual/itf_006.png,train,pressao_desigual,itf,199255,"{""blur"": 1.21}"
images/train/pressao_desigual/ean13_007.png,train,pressao_desigual,ean13,807279103368,"{""blur"": 1.97}"
images/train/pressao_desigual/ean13_008.png,train,pressao_desigual,ean13,504481776655,"{""blur"": 2.03}"
images/train/pressao_desigual/code39_009.png,train,pressao_desigual,code39,1YS1SGFGFB,"{""blur"": 1.82}"
images/train/pressao_desigual/code128_010.png,train,pressao_desigual,code128,CB0NO39YHM,"{""blur"": 2.06}"
images/train/pressao_desigual/datamatrix_011.png,train,pressao_desigual,datamatrix,CBAXO6SRQT0,"{""blur"": 1.87}"
images/train/pressao_desigual/itf_012.png,train,pressao_desigual,itf,9552963863,"{""blur"": 1.82}"
images/train/pressao_desigual/ean8_013.png,train,pressao_desigual,ean8,5826312,"{""blur"": 1.7}"
images/train/pressao_desigual/ean13_014.png,train,pressao_desigual,ean13,311060920981,"{""blur"": 1.77}"
images/train/pressao_desigual/code39_015.png,train,pressao_desigual,code39,M8PYQDRF,"{""blur"": 2.13}"
images/train/pressao_desigual/code128_016.png,train,pressao_desigual,code128,CBSQLFE5X,"{""blur"": 2.11}"
images/train/pressao_desigual/code39_017.png,train,pressao_desigual,code39,YU2KLTALC,"{""blur"": 1.32}"
images/train/pressao_desigual/ean13_018.png,train,pressao_desigual,ean13,139080882351,"{""blur"": 2.1}"
images/train/pressao_desigual/code128_019.png,train,pressao_desigual,code128,CB9S3516ZM,"{""blur"": 1.45}"
images/train/pressao_desigual/itf_020.png,train,pressao_desigual,itf,23767694,"{""blur"": 2.02}"
images/train/pressao_desigual/code128_021.png,train,pressao_desigual,code128,CBKC6Q0S7WZ,"{""blur"": 1.23}"
images/train/pressao_desigual/ean13_022.png,train,pressao_desigual,ean13,251050537953,"{""blur"": 1.76}"
images/train/pressao_desigual/datamatrix_023.png,train,pressao_desigual,datamatrix,CB01UUMM,"{""blur"": 1.25}"
images/train/pressao_desigual/itf_024.png,train,pressao_desigual,itf,39040907,"{""blur"": 1.48}"
images/train/pressao_desigual/code128_025.png,train,pressao_desigual,code128,CBG0TRUWZF9,"{""blur"": 1.97}"
images/train/pressao_desigual/code128_026.png,train,pressao_desigual,code128,CBGBODAIGU,"{""blur"": 2.06}"
images/train/pressao_desigual/itf_027.png,train,pressao_desigual,itf,040104,"{""blur"": 1.28}"
images/train/pressao_desigual/code39_028.png,train,pressao_desigual,code39,J02H77P4,"{""blur"": 1.86}"
images/train/pressao_desigual/itf_029.png,train,pressao_desigual,itf,311703,"{""blur"": 1.21}"
images/train/pressao_desigual/itf_030.png,train,pressao_desigual,itf,5472812356,"{""blur"": 2.18}"
images/train/pressao_desigual/datamatrix_031.png,train,pressao_desigual,datamatrix,CBGJ3GHPB3LR,"{""blur"": 1.23}"
images/train/pressao_desigual/itf_032.png,train,pressao_desigual,itf,85074510,"{""blur"": 1.85}"
images/train/pressao_desigual/ean8_033.png,train,pressao_desigual,ean8,8610313,"{""blur"": 1.32}"
images/train/pressao_desigual/qr_034.png,train,pressao_desigual,qr,CBZZGOR5NKN,"{""blur"": 1.55}"
images/train/pressao_desigual/ean8_035.png,train,pressao_desigual,ean8,4325122,"{""blur"": 1.53}"
images/train/pressao_desigual/code128_036.png,train,pressao_desigual,code128,CBAW4A5P4,"{""blur"": 1.31}"
images/train/pressao_desigual/code128_037.png,train,pressao_desigual,code128,CBTV25W8,"{""blur"": 1.46}"
images/train/pressao_desigual/datamatrix_038.png,train,pressao_desigual,datamatrix,CB4HR7BJ0OJW,"{""blur"": 1.7}"
images/train/pressao_desigual/qr_039.png,train,pressao_desigual,qr,CBR827LQ,"{""blur"": 2.11}"
images/train/pressao_desigual/qr_040.png,train,pressao_desigual,qr,CBH13WSHA5,"{""blur"": 2.13}"
images/train/pressao_desigual/code128_041.png,train,pressao_desigual,code128,CBA3CNSHD5,"{""blur"": 1.51}"
images/train/pressao_desigual/qr_042.png,train,pressao_desigual,qr,CBJFRJM1FSOC,"{""blur"": 1.67}"
images/train/pressao_desigual/ean13_043.png,train,pressao_desigual,ean13,942965923426,"{""blur"": 1.75}"
images/train/pressao_desigual/ean8_044.png,train,pressao_desigual,ean8,1287585,"{""blur"": 1.67}"
images/train/pressao_desigual/ean8_045.png,train,pressao_desigual,ean8,1294398,"{""blur"": 1.57}"
images/train/pressao_desigual/ean8_046.png,train,pressao_desigual,ean8,8701041,"{""blur"": 1.53}"
images/train/pressao_desigual/qr_047.png,train,pressao_desigual,qr,CBDN7J95IOJT,"{""blur"": 1.83}"
images/train/pressao_desigual/code128_048.png,train,pressao_desigual,code128,CBGPNG4B62ZD,"{""blur"": 2.13}"
images/train/pressao_desigual/ean8_049.png,train,pressao_desigual,ean8,9162022,"{""blur"": 2.02}"
images/train/pressao_desigual/itf_050.png,train,pressao_desigual,itf,54661766,"{""blur"": 1.35}"
images/train/pressao_desigual/qr_051.png,train,pressao_desigual,qr,CB2CWI33RAKW,"{""blur"": 1.7}"
images/train/pressao_desigual/qr_052.png,train,pressao_desigual,qr,CBV3IRTZE4Y4,"{""blur"": 1.81}"
images/train/pressao_desigual/itf_053.png,train,pressao_desigual,itf,5996100231,"{""blur"": 1.87}"
images/train/pressao_desigual/datamatrix_054.png,train,pressao_desigual,datamatrix,CBGLY0EDQ,"{""blur"": 1.31}"
images/train/pressao_desigual/ean13_055.png,train,pressao_desigual,ean13,176298334774,"{""blur"": 1.43}"
images/train/pressao_desigual/code128_056.png,train,pressao_desigual,code128,CBCIAX08E,"{""blur"": 1.54}"
images/train/pressao_desigual/itf_057.png,train,pressao_desigual,itf,59821766,"{""blur"": 2.07}"
images/train/pressao_desigual/code128_058.png,train,pressao_desigual,code128,CBSQYWEKS,"{""blur"": 1.27}"
images/train/pressao_desigual/code128_059.png,train,pressao_desigual,code128,CB4QBCV0QMVD,"{""blur"": 1.34}"
images/train/pressao_desigual/itf_060.png,train,pressao_desigual,itf,0516991872,"{""blur"": 1.47}"
images/train/pressao_desigual/code39_061.png,train,pressao_desigual,code39,DBM8YB,"{""blur"": 1.75}"
images/val/pressao_desigual/itf_062.png,val,pressao_desigual,itf,53560331,"{""blur"": 1.79}"
images/val/pressao_desigual/code128_063.png,val,pressao_desigual,code128,CBDEDI2LS,"{""blur"": 1.24}"
images/val/pressao_desigual/code128_064.png,val,pressao_desigual,code128,CBQ8N5WO,"{""blur"": 1.64}"
images/val/pressao_desigual/ean13_065.png,val,pressao_desigual,ean13,881056974132,"{""blur"": 2.04}"
images/val/pressao_desigual/code128_066.png,val,pressao_desigual,code128,CB23HB5CR,"{""blur"": 1.48}"
images/val/pressao_desigual/ean8_067.png,val,pressao_desigual,ean8,7033626,"{""blur"": 1.73}"
images/val/pressao_desigual/ean13_068.png,val,pressao_desigual,ean13,493059660186,"{""blur"": 2.15}"
images/val/pressao_desigual/datamatrix_069.png,val,pressao_desigual,datamatrix,CBQKY3PIARRF,"{""blur"": 2.2}"
images/val/pressao_desigual/qr_070.png,val,pressao_desigual,qr,CBAHTUQL23B2,"{""blur"": 1.21}"
images/val/pressao_desigual/code128_071.png,val,pressao_desigual,code128,CB9UE2LQRQ,"{""blur"": 2.07}"
images/val/pressao_desigual/qr_072.png,val,pressao_desigual,qr,CB2UC9ODQQBW,"{""blur"": 1.74}"
images/val/pressao_desigual/itf_073.png,val,pressao_desigual,itf,61642059,"{""blur"": 1.99}"
images/val/pressao_desigual/code39_074.png,val,pressao_desigual,code39,CSJBGNU6,"{""blur"": 1.92}"
images/test/pressao_desigual/qr_075.png,test,pressao_desigual,qr,CBYFEO690,"{""blur"": 1.74}"
images/test/pressao_desigual/ean13_076.png,test,pressao_desigual,ean13,439435353751,"{""blur"": 1.89}"
images/test/pressao_desigual/ean8_077.png,test,pressao_desigual,ean8,9376392,"{""blur"": 2.13}"
images/test/pressao_desigual/ean13_078.png,test,pressao_desigual,ean13,511668297327,"{""blur"": 1.22}"
images/test/pressao_desigual/ean8_079.png,test,pressao_desigual,ean8,0212886,"{""blur"": 2.1}"
images/test/pressao_desigual/ean13_080.png,test,pressao_desigual,ean13,999101576764,"{""blur"": 1.96}"
images/test/pressao_desigual/code39_081.png,test,pressao_desigual,code39,X3YU2L,"{""blur"": 1.71}"
images/test/pressao_desigual/itf_082.png,test,pressao_desigual,itf,8645652203,"{""blur"": 1.63}"
images/test/pressao_desigual/code39_083.png,test,pressao_desigual,code39,SQGORJG,"{""blur"": 1.41}"
images/test/pressao_desigual/datamatrix_084.png,test,pressao_desigual,datamatrix,CBA5BXNS1,"{""blur"": 1.93}"
images/test/pressao_desigual/ean8_085.png,test,pressao_desigual,ean8,6741241,"{""blur"": 2.17}"
images/test/pressao_desigual/qr_086.png,test,pressao_desigual,qr,CBEUC1G7UM9C,"{""blur"": 2.15}"
images/test/pressao_desigual/ean8_087.png,test,pressao_desigual,ean8,2742318,"{""blur"": 2.06}"
images/test/pressao_desigual/ean13_088.png,test,pressao_desigual,ean13,969357824347,"{""blur"": 1.69}"
images/test/pressao_desigual/datamatrix_089.png,test,pressao_desigual,datamatrix,CB02UP1HL3,"{""blur"": 2.16}"
images/train/cabeca_suja/datamatrix_000.png,train,cabeca_suja,datamatrix,CB0PBSR6N0D,"{""n_voids"": 32}"
images/train/cabeca_suja/qr_001.png,train,cabeca_suja,qr,CB4YS1FO09R4,"{""n_voids"": 24}"
images/train/cabeca_suja/code128_002.png,train,cabeca_suja,code128,CB15K75I,"{""n_voids"": 38}"
images/train/cabeca_suja/datamatrix_003.png,train,cabeca_suja,datamatrix,CBJ1925QH9,"{""n_voids"": 28}"
images/train/cabeca_suja/ean13_004.png,train,cabeca_suja,ean13,938620448515,"{""n_voids"": 29}"
images/train/cabeca_suja/datamatrix_005.png,train,cabeca_suja,datamatrix,CB231Z4P,"{""n_voids"": 23}"
images/train/cabeca_suja/ean8_006.png,train,cabeca_suja,ean8,5469681,"{""n_voids"": 26}"
images/train/cabeca_suja/ean8_007.png,train,cabeca_suja,ean8,6074017,"{""n_voids"": 29}"
images/train/cabeca_suja/itf_008.png,train,cabeca_suja,itf,5133053194,"{""n_voids"": 38}"
images/train/cabeca_suja/code39_009.png,train,cabeca_suja,code39,3XPL4MU,"{""n_voids"": 19}"
images/train/cabeca_suja/datamatrix_010.png,train,cabeca_suja,datamatrix,CBQVS2V2Q,"{""n_voids"": 33}"
images/train/cabeca_suja/datamatrix_011.png,train,cabeca_suja,datamatrix,CBO3LCR9R,"{""n_voids"": 17}"
images/train/cabeca_suja/ean13_012.png,train,cabeca_suja,ean13,488471270587,"{""n_voids"": 30}"
images/train/cabeca_suja/code39_013.png,train,cabeca_suja,code39,YDGDVR8X,"{""n_voids"": 29}"
images/train/cabeca_suja/ean8_014.png,train,cabeca_suja,ean8,9409600,"{""n_voids"": 22}"
images/train/cabeca_suja/datamatrix_015.png,train,cabeca_suja,datamatrix,CBX4Q6H3BAY0,"{""n_voids"": 27}"
images/train/cabeca_suja/ean13_016.png,train,cabeca_suja,ean13,258591779323,"{""n_voids"": 31}"
images/train/cabeca_suja/itf_017.png,train,cabeca_suja,itf,2988085838,"{""n_voids"": 20}"
images/train/cabeca_suja/ean13_018.png,train,cabeca_suja,ean13,189721540641,"{""n_voids"": 35}"
images/train/cabeca_suja/code39_019.png,train,cabeca_suja,code39,5WV2XKKU,"{""n_voids"": 15}"
images/train/cabeca_suja/datamatrix_020.png,train,cabeca_suja,datamatrix,CB099M0L7ZY,"{""n_voids"": 38}"
images/train/cabeca_suja/code128_021.png,train,cabeca_suja,code128,CB2G7QBD9D,"{""n_voids"": 36}"
images/train/cabeca_suja/itf_022.png,train,cabeca_suja,itf,688285,"{""n_voids"": 36}"
images/train/cabeca_suja/code128_023.png,train,cabeca_suja,code128,CBYJS6EOLMV,"{""n_voids"": 36}"
images/train/cabeca_suja/datamatrix_024.png,train,cabeca_suja,datamatrix,CB0DMNV9KY71,"{""n_voids"": 20}"
images/train/cabeca_suja/qr_025.png,train,cabeca_suja,qr,CBRPHJ2GCIY,"{""n_voids"": 30}"
images/train/cabeca_suja/code128_026.png,train,cabeca_suja,code128,CB6HBIGPEL,"{""n_voids"": 26}"
images/train/cabeca_suja/itf_027.png,train,cabeca_suja,itf,17015959,"{""n_voids"": 36}"
images/train/cabeca_suja/ean13_028.png,train,cabeca_suja,ean13,748595325939,"{""n_voids"": 34}"
images/train/cabeca_suja/code39_029.png,train,cabeca_suja,code39,EEIJG7KPF,"{""n_voids"": 39}"
images/train/cabeca_suja/ean13_030.png,train,cabeca_suja,ean13,319100900404,"{""n_voids"": 29}"
images/train/cabeca_suja/ean8_031.png,train,cabeca_suja,ean8,5754278,"{""n_voids"": 28}"
images/train/cabeca_suja/ean13_032.png,train,cabeca_suja,ean13,653469979907,"{""n_voids"": 16}"
images/train/cabeca_suja/code128_033.png,train,cabeca_suja,code128,CBH75L2SKC,"{""n_voids"": 24}"
images/train/cabeca_suja/ean8_034.png,train,cabeca_suja,ean8,0508018,"{""n_voids"": 36}"
images/train/cabeca_suja/ean13_035.png,train,cabeca_suja,ean13,339527536749,"{""n_voids"": 29}"
images/train/cabeca_suja/ean8_036.png,train,cabeca_suja,ean8,7331167,"{""n_voids"": 29}"
images/train/cabeca_suja/code39_037.png,train,cabeca_suja,code39,DLS941,"{""n_voids"": 20}"
images/train/cabeca_suja/code39_038.png,train,cabeca_suja,code39,XTH0YY,"{""n_voids"": 24}"
images/train/cabeca_suja/ean8_039.png,train,cabeca_suja,ean8,7680898,"{""n_voids"": 17}"
images/train/cabeca_suja/ean13_040.png,train,cabeca_suja,ean13,933067458476,"{""n_voids"": 16}"
images/train/cabeca_suja/itf_041.png,train,cabeca_suja,itf,11110286,"{""n_voids"": 30}"
images/train/cabeca_suja/datamatrix_042.png,train,cabeca_suja,datamatrix,CBYL53ZU2I,"{""n_voids"": 25}"
images/train/cabeca_suja/ean8_043.png,train,cabeca_suja,ean8,3606014,"{""n_voids"": 32}"
images/train/cabeca_suja/ean13_044.png,train,cabeca_suja,ean13,300730950556,"{""n_voids"": 38}"
images/train/cabeca_suja/ean8_045.png,train,cabeca_suja,ean8,9443916,"{""n_voids"": 23}"
images/train/cabeca_suja/ean8_046.png,train,cabeca_suja,ean8,0781975,"{""n_voids"": 24}"
images/train/cabeca_suja/itf_047.png,train,cabeca_suja,itf,360376,"{""n_voids"": 32}"
images/train/cabeca_suja/itf_048.png,train,cabeca_suja,itf,8995729893,"{""n_voids"": 29}"
images/train/cabeca_suja/ean13_049.png,train,cabeca_suja,ean13,618444218299,"{""n_voids"": 32}"
images/train/cabeca_suja/qr_050.png,train,cabeca_suja,qr,CB0TKBP0IX,"{""n_voids"": 38}"
images/train/cabeca_suja/itf_051.png,train,cabeca_suja,itf,561829,"{""n_voids"": 31}"
images/train/cabeca_suja/ean13_052.png,train,cabeca_suja,ean13,550688269177,"{""n_voids"": 28}"
images/train/cabeca_suja/ean13_053.png,train,cabeca_suja,ean13,838935953828,"{""n_voids"": 39}"
images/train/cabeca_suja/code128_054.png,train,cabeca_suja,code128,CBEQBZ78Q,"{""n_voids"": 17}"
images/train/cabeca_suja/ean8_055.png,train,cabeca_suja,ean8,4801644,"{""n_voids"": 16}"
images/train/cabeca_suja/itf_056.png,train,cabeca_suja,itf,6617706736,"{""n_voids"": 31}"
images/train/cabeca_suja/ean8_057.png,train,cabeca_suja,ean8,7987682,"{""n_voids"": 34}"
images/train/cabeca_suja/itf_058.png,train,cabeca_suja,itf,1179720385,"{""n_voids"": 33}"
images/train/cabeca_suja/code39_059.png,train,cabeca_suja,code39,PIHUUE,"{""n_voids"": 21}"
images/train/cabeca_suja/itf_060.png,train,cabeca_suja,itf,1722577545,"{""n_voids"": 32}"
images/train/cabeca_suja/itf_061.png,train,cabeca_suja,itf,220125,"{""n_voids"": 27}"
images/val/cabeca_suja/code39_062.png,val,cabeca_suja,code39,CHC2IV7,"{""n_voids"": 39}"
images/val/cabeca_suja/itf_063.png,val,cabeca_suja,itf,579554,"{""n_voids"": 28}"
images/val/cabeca_suja/datamatrix_064.png,val,cabeca_suja,datamatrix,CBZK2Q1Z1,"{""n_voids"": 19}"
images/val/cabeca_suja/ean8_065.png,val,cabeca_suja,ean8,6984166,"{""n_voids"": 18}"
images/val/cabeca_suja/datamatrix_066.png,val,cabeca_suja,datamatrix,CB8ZQT8I,"{""n_voids"": 20}"
images/val/cabeca_suja/code39_067.png,val,cabeca_suja,code39,S99OVYWG3,"{""n_voids"": 33}"
images/val/cabeca_suja/ean8_068.png,val,cabeca_suja,ean8,6177182,"{""n_voids"": 37}"
images/val/cabeca_suja/datamatrix_069.png,val,cabeca_suja,datamatrix,CBOM6B1IPX,"{""n_voids"": 23}"
images/val/cabeca_suja/datamatrix_070.png,val,cabeca_suja,datamatrix,CBK1EJHKDN,"{""n_voids"": 31}"
images/val/cabeca_suja/code128_071.png,val,cabeca_suja,code128,CB6EZ246,"{""n_voids"": 24}"
images/val/cabeca_suja/itf_072.png,val,cabeca_suja,itf,288098,"{""n_voids"": 21}"
images/val/cabeca_suja/ean8_073.png,val,cabeca_suja,ean8,6664110,"{""n_voids"": 35}"
images/val/cabeca_suja/ean8_074.png,val,cabeca_suja,ean8,0454218,"{""n_voids"": 26}"
images/test/cabeca_suja/code39_075.png,test,cabeca_suja,code39,CC3E1UA,"{""n_voids"": 15}"
images/test/cabeca_suja/datamatrix_076.png,test,cabeca_suja,datamatrix,CB2Q7PVJ07,"{""n_voids"": 16}"
images/test/cabeca_suja/ean13_077.png,test,cabeca_suja,ean13,510740913111,"{""n_voids"": 29}"
images/test/cabeca_suja/qr_078.png,test,cabeca_suja,qr,CBGOVL8WWPXV,"{""n_voids"": 19}"
images/test/cabeca_suja/ean13_079.png,test,cabeca_suja,ean13,178429029233,"{""n_voids"": 24}"
images/test/cabeca_suja/code39_080.png,test,cabeca_suja,code39,KEW7H7,"{""n_voids"": 33}"
images/test/cabeca_suja/ean13_081.png,test,cabeca_suja,ean13,064630059377,"{""n_voids"": 29}"
images/test/cabeca_suja/ean8_082.png,test,cabeca_suja,ean8,2585421,"{""n_voids"": 36}"
images/test/cabeca_suja/qr_083.png,test,cabeca_suja,qr,CBMPK0HTUTND,"{""n_voids"": 29}"
images/test/cabeca_suja/datamatrix_084.png,test,cabeca_suja,datamatrix,CBNZ7F5K,"{""n_voids"": 16}"
images/test/cabeca_suja/itf_085.png,test,cabeca_suja,itf,08269718,"{""n_voids"": 40}"
images/test/cabeca_suja/itf_086.png,test,cabeca_suja,itf,957875,"{""n_voids"": 40}"
images/test/cabeca_suja/ean8_087.png,test,cabeca_suja,ean8,4969277,"{""n_voids"": 17}"
images/test/cabeca_suja/datamatrix_088.png,test,cabeca_suja,datamatrix,CBR2SOR0QB,"{""n_voids"": 31}"
images/test/cabeca_suja/itf_089.png,test,cabeca_suja,itf,5034236220,"{""n_voids"": 22}"
